geico insurance,20
health insurance,20
payday loans,20
auto insurance,20
excessive sweating,20
profuse sweating,20
life insurance,20
quicken,20
salivary gland stones,20
loans online,20
student loan,20
indigestion,20
hairloss,20
geico,20
home loans,20
progressive insurance,20
difficulty breathing,20
how to lose weight,20
loan,20
foods to avoid with acid reflux,20
nervousness,20
progressive,20
leg blood clot symptoms,20
car insurance,20
graves disease,20
personal loans,20
loans bad credit,20
home insurance,20
slow heart rate,20
dropsy disease,20
insurance companies,20
quicken loans,20
can't sleep,20
fear of heights,20
body odor,20
excessive burping,20
suicidal thoughts,20
bank loans,20
hair loss in women causes,20
sunlight causing hives,20
