wikipedia.org,1090
NewsCarousel,930
nytimes.com,737
UserTweetCarousel,419
procon.org,372
facebook.com,354
theatlantic.com,270
washingtonpost.com,269
MapsLocations,224
cnn.com,195
target.com,161
espn.com,150
google.com,138
foxnews.com,135
politico.com,112
usatoday.com,108
huffingtonpost.com,107
latimes.com,101
forbes.com,99
bloomberg.com,90
vanityfair.com,90
theguardian.com,90
cnbc.com,90
nymag.com,90
supremecourt.gov,90
go.com,89
slate.com,89
ncsl.org,82
time.com,80
dominos.com,78
apple.com,71
twitter.com,67
nfl.com,67
rollingstone.com,62
plannedparenthood.org,62
newsweek.com,62
walmart.com,60
usa.gov,60
collegefootballplayoff.com,60
cryptocoinsnews.com,60
peta.org,60
webmd.com,60
cointelegraph.com,60
washingtontimes.com,60
variety.com,60
senate.gov,59
youtube.com,58
newyorker.com,57
si.com,56
cbssports.com,55
dol.gov,53
propublica.org,53
minimumwage.com,51
instagram.com,49
sbnation.com,48
groupon.com,45
caranddriver.com,40
yellowpages.com,36
deadspin.com,36
yahoo.com,35
people.com,35
landsend.com,35
merriam-webster.com,33
co.uk,33
jsonline.com,33
hondafinancialservices.com,32
washingtonexaminer.com,32
SearchTweetCarousel,31
dictionary.com,31
deathpenaltyinfo.org,31
nydailynews.com,31
imdb.com,31
reuters.com,31
investopedia.com,31
pizzahut.com,30
smithsonianmag.com,30
justfacts.com,30
mcdonalds.com,30
fivethirtyeight.com,30
phaidon.com,30
primevideo.com,30
ncaa.com,30
nbcsports.com,30
euthanasia.com,30
independent.co.uk,30
medicalmarijuanainc.com,30
glamour.com,30
nbcnews.com,30
honda.com,30
franken.senate.gov,30
nbclosangeles.com,30
frenchtoast.com,30
hillaryclinton.com,30
pbs.org,30
gardencollage.com,30
greatbritishgardens.co.uk,30
gardenvisit.com,30
law.cornell.edu,30
medicalnewstoday.com,30
donaldjtrump.com,30
emedicinehealth.com,30
bbc.co.uk,30
aljazeera.com,30
cfr.org,30
cbsnews.com,30
eji.org,30
aavs.org,30
calfire.ca.gov,30
va.gov,30
bitcoin.com,30
biography.com,30
benefits.gov,30
barackobama.com,30
childrensplace.com,30
bankofamerica.com,30
ballotpedia.org,30
axios.com,30
animalsaustralia.org,30
wbur.org,30
wellsfargo.com,30
alcoholproblemsandsolutions.org,30
amnestyusa.org,30
amnesty.org,30
amazon.com,30
chevrolet.com,30
chase.com,30
thehill.com,30
theverge.com,30
eagles.com,30
drugabuse.gov,30
dosomething.org,30
deadline.com,30
davidaustinroses.com,30
texasmonthly.com,30
dailysignal.com,30
crueltyfreeinternational.org,30
nybooks.com,30
theweek.com,30
coindesk.com,30
cis.org,30
toyota-global.com,30
toyota.com,30
britannica.com,29
fastcompany.com,29
nolo.com,29
nerdwallet.com,29
drugpolicy.org,29
hawaiinewsnow.com,29
findlaw.com,29
careersatchase.com,28
alcoholeducationtrust.org,28
inc.com,28
vets.gov,28
yelp.com,28
guttmacher.org,28
humanesociety.org,27
philadelphiaeagles.com,27
twincities.com,27
thebalance.com,27
cookieskids.com,27
toyotafinancial.com,27
publicintegrity.org,26
retailmenot.com,26
scientificamerican.com,26
paywizard.org,25
wellsfargoadvisors.com,25
cawp.rutgers.edu,25
macys.com,23
aimtronsystems.com,23
oldnavy.com,23
jpmorganchase.com,22
foxbusiness.com,21
americanpregnancy.org,20
nih.gov,20
scotusblog.com,17
pitchfork.com,15
allmenus.com,15
MapsPlaces,15
zellepay.com,14
academy.com,13
rainbowshops.com,13
snagajob.com,12
hbr.org,12
norml.org,11
edmunds.com,10
hoursguide.com,9
technologyreview.com,7
greatschools.org,7
mapquest.com,6
tripadvisor.com,6
bbc.com,5
autoblog.com,5
hondaofsanangelo.com,5
local.com,5
openmenu.com,5
npr.org,5
bleacherreport.com,5
hondaofcasper.com,4
billwalshhonda.com,4
pure-spirit.com,4
whitesmountainchevy.com,4
billwalshchevy.com,4
prevention.com,4
qz.com,4
gm.com,3
allamericanchevroletsanangelo.com,3
billwalshtoyota.com,3
jimmybrittchevrolet.com,3
excelchevrolet.com,3
goodyear.com,3
fosstoyota.com,3
earnhardthonda.com,3
avclub.com,3
indeed.com,3
mystore411.com,3
motortrend.com,3
cnet.com,3
patclemons.com,3
mywebtimes.com,3
mitchelltoyota.com,3
hours-locations.com,2
tn.gov,2
bank-locations.com,2
usa-banks.net,2
clemonsoskaloosa.com,2
raybrandttoyota.com,2
jameswooddecatur.com,2
wsj.com,2
royalhonda.com,2
wfhm.com,2
mcdonalds.jobs,2
earthmed.com,2
cars.com,2
smarthondadesmoines.com,2
health.pa.gov,1
hondacertified.com,1
rustywallacehonda.com,1
haleytoyotaofroanoke.com,1
godeery.com,1
sandssurprise.com,1
hardinauto.com,1
bank-map.com,1
sacbee.com,1
health.ny.gov,1
billwalsh.com,1
rustywallacetoyota.com,1
vaughnautomotive.net,1
visitcasper.com,1
fnbballinger.com,1
georgiawatersports.com,1
dennymenholt.com,1
chapmanchoice.com,1
charlieobaughchevy.com,1
toyotaofgrapevine.com,1
dir.ca.gov,1
chevroleteurope.com,1
chevydealer.com,1
toyotaofdenton.com,1
drinkaware.co.uk,1
cincinnati.com,1
cycleworldathens.com,1
townrenowned.com,1
tmz.com,1
criwmpennu.org,1
covingtonhondanissan.com,1
tarrchevrolet.com,1
superpages.com,1
gatewaychevrolet.com,1
butlerhonda.com,1
billycrafthonda.com,1
vanchevroletkc.com,1
bobhowardhonda.com,1
bohntoyota.com,1
branchspot.com,1
underrinerhonda.com,1
fortdodgetoyota.com,1
toyotaofsurprise.com,1
trulia.com,1
fivestartoyotaofmilledgeville.com,1
singleplatform.com,1
fda.gov,1
cardinalhazard.com,1
estlechevybuick.com,1
hondamorristown.com,1
notbohmmotors.com,1
hondaofdenton.com,1
pellamotors.com,1
leipoldmotorsales.com,1
lexingtonvirginia.com,1
linkedin.com,1
lipscombautocenter.com,1
lithiatoyotabillings.com,1
alleghanychevybuickgmc.com,1
maryland.gov,1
wisehonda.com,1
columbiahonda.com,1
mcdonoughtoyota.com,1
medicalmarijuana.ohio.gov,1
womenhelp.org,1
midwaychevy.com,1
allstarchevroletbatonrouge.com,1
mikeflynndefensefund.org,1
mitchellbuickgmc.com,1
wrightcountymotors.com,1
motorinnknoxville.com,1
adamstoyota.com,1
mybanktracker.com,1
myvalleyhonda.com,1
nationalreview.com,1
patclemonsgm.com,1
wyo.gov,1
youngwomenshealth.org,1
ny.gov,1
wilsonofamestoyota.com,1
alfranken.com,1
illinois.gov,1
pohankatoyotamd.com,1
jameswood.com,1
priceleblanctoyota.com,1
jimwhitetoyota.com,1
hudiburgtoyota.com,1
insiderpages.com,1
walmartstores.com,1
hoursofoperation.biz,1
azdhs.gov,1
whitepages.com,1
ameshonda.com,1
volunteerchevrolet.com,1
lakeoconeevillage.com,1
avondaletoyota.com,1
autonationtoyotatempe.com,1
toyotaoflavista.com,0
vfw.org,0
villagepointetoyota.com,0
abortionpensacola.com,0
abortionchangesyou.com,0
chicago.buyatoyota.com,0
chapmanchevy.com,0
americamagazine.org,0
wtop.com,0
abc7chicago.com,0
churchmilitant.com,0
cincinnati.buyatoyota.com,0
aijustice.org,0
toyotadm.com,0
clemonstoyota.com,0
toyotaabilene.com,0
yourabortionchoice.org,0
youroptions.com,0
toliverbrothers.com,0
KnowledgePanel,0
247sports.com,0
,0
adirondackchevrolet.com,0
trappchevroletcadillac.com,0
cfschwartztoyota.com,0
autoweek.com,0
wholesaleschoolwear.com,0
allstarchevroletbr.com,0
bobbrownchevy.com,0
americanbar.org,0
allieded.org,0
ultimatemotorcycling.com,0
californiainnocenceproject.org,0
wbaltv.com,0
carafem.org,0
ansirh.org,0
aol.com,0
all.org,0
waltersgm.com,0
armbrustermotors.net,0
truecarecasper.org,0
aldf.org,0
aspenideas.org,0
automobilemag.com,0
carmax.com,0
wral.com,0
truecar.com,0
autonationhondawestknoxville.com,0
alamowomensclinic.com,0
cbslocal.com,0
ajdohmannchevy.com,0
vaessenbrothers.com,0
ccwomenshealth.org,0
theroot.com,0
sparkschevy.com,0
themreport.com,0
lfda.org,0
lawrencehallofabilenetx.com,0
piehlmotorsgm.com,0
pinkertonchevy.com,0
pinkertonlynchburg.com,0
kwch.com,0
komonews.com,0
kirksvilletoyota.com,0
kirksvillemotorco.com,0
kia.com,0
popschevy.com,0
zdnet.com,0
johnsonchevrolet.com,0
jcpenney.com,0
jaywolfetoyota.com,0
irli.org,0
invisiblepeople.tv,0
investorplace.com,0
insiderlouisville.com,0
prisonpolicy.org,0
impactfund.org,0
imotors.com,0
pymnts.com,0
humboldtgm.com,0
humanrights-association.org,0
hotair.com,0
legendstoyota.com,0
phoenixnewtimes.com,0
reederchevy.com,0
maxmotors71.co,0
nonhumanrights.org,0
nj.com,0
nwitimes.com,0
nypost.com,0
olathetoyota.com,0
news4jax.com,0
news-leader.com,0
optionline.org,0
papajohns.com,0
patch.com,0
nationalpolice.org,0
nasdaq.com,0
motorsport.com,0
motorinntoyotaofcarroll.com,0
morganmcclurechevy.com,0
molletoyota.com,0
mlive.com,0
pcrm.org,0
millschevy.com,0
pellachevy.com,0
performancechevywv.com,0
mediamatters.org,0
phi.org,0
mccarthytoyotaofsedalia.com,0
mcall.com,0
hondaoftheozarks.com,0
reprieve.org,0
corwintoyotaofbellevue.com,0
star2.com,0
duranttoyota.com,0
dunncountrymotors.com,0
startribune.com,0
drjays.com,0
doncarltonhonda.com,0
tarrchevy.com,0
team-toyota.com,0
teamhonda.com,0
directactioneverywhere.com,0
digitaltrends.com,0
techcrunch.com,0
denver.buyatoyota.com,0
dellatoyota.com,0
deathpenaltyfail.org,0
teenbreaks.com,0
terrehautechevrolet.com,0
texarkanachevrolet.com,0
dancummins.com,0
theconversation.com,0
dailypress.com,0
dailycaller.com,0
csmonitor.com,0
thedrive.com,0
themainewire.com,0
crowntoyotaoflawrence.com,0
dvnf.org,0
standupgirl.com,0
heywardallentoyota.com,0
sportingnews.com,0
rileytoyota.com,0
greenvilleonline.com,0
govtsearches.com,0
googleadservices.com,0
sandsglendale.com,0
georgewhiteames.com,0
geek.com,0
savethechimps.org,0
schimmergm.com,0
gap.com,0
sctimes.com,0
freewaychevrolet.com,0
freep.com,0
seekingalpha.com,0
setbuyatoyota.com,0
foxcarolina.com,0
sewelltoyota.com,0
foxbaltimore.com,0
four-paws.us,0
fortune.com,0
shopjustice.com,0
shottenkirktoyota.com,0
fbresearch.org,0
faunalytics.org,0
spcai.org,0
,0
