KnowledgePanel,686
zulily.com,0
findlaw.com,0
forbes.com,0
flynnlaw.com,0
flo-law.com,0
fivethirtyeight.com,0
firstbankweb.com,0
fire.ca.gov,0
fentonhondaofardmore.com,0
foursquare.com,0
fda.gov,0
fbresearch.org,0
faunalytics.org,0
fastcompany.com,0
facebook.com,0
fortune.com,0
fourstarschevroletbuick.com,0
euthanasia.com,0
foxnews.com,0
foxtoyotaofcadillac.com,0
franken.senate.gov,0
fredhaastoyotacountry.com,0
freewayhondaal.com,0
frenchtoast.com,0
gallagherautos.com,0
gap.com,0
gardencollage.com,0
gardenvisit.com,0
geek.com,0
gengraschevrolet.com,0
georgia.gov,0
exploregeorgia.org,0
espn.com,0
gillmanhondahouston.com,0
donmcgilltoyota.com,0
deathpenaltyfail.org,0
deathpenaltyinfo.org,0
dictionary.com,0
digitaltrends.com,0
dir.ca.gov,0
directactioneverywhere.com,0
dispatch.com,0
dispatchtribunal.com,0
dli.mn.gov,0
dol.gov,0
dominos.com,0
donaldjtrump.com,0
doncarltonhonda.com,0
dosomething.org,0
epi.org,0
drinkaware.co.uk,0
drivesunrisechevy.com,0
drugabuse.gov,0
drugpolicy.org,0
dvnf.org,0
eagles.com,0
easthillschevrolet.com,0
economist.com,0
edmunds.com,0
edwards280.com,0
eji.org,0
emedicinehealth.com,0
encyclopedia.com,0
georgiawatersports.com,0
gilroychevy.com,0
deadspin.com,0
http:,0
honda.com,0
hondaalabama.com,0
hondacertified.com,0
hondafinancialservices.com,0
hondamallofgeorgia.com,0
hondaofnewrochelle.com,0
hondaofsanangelo.com,0
hondaofserramonte.com,0
hondaofspring.com,0
hoovertoyota.com,0
hoursguide.com,0
houstonisd.org,0
houzz.com,0
huffingtonpost.com,0
hoffmantoyota.com,0
humanesociety.org,0
humanrights-association.org,0
imdb.com,0
inc.com,0
indeed.com,0
independent.co.uk,0
indycar.com,0
insiderpages.com,0
instagram.com,0
investopedia.com,0
investorplace.com,0
invisiblepeople.tv,0
invoice-pricing.com,0
hollywoodreporter.com,0
hoffmanhonda.com,0
gizmodo.com,0
groupon.com,0
glamour.com,0
glebehousemuseum.org,0
gm.com,0
go.com,0
golfdigest.com,0
goodyear.com,0
google.com,0
googleadservices.com,0
govdocs.com,0
govtsearches.com,0
gphonda.com,0
greatbritishgardens.co.uk,0
greatschools.org,0
grubhub.com,0
hillsidehonda.com,0
guttmacher.org,0
hartfordschools.org,0
hartfordtoyota.com,0
hawaiinewsnow.com,0
hbr.org,0
health.ny.gov,0
health.pa.gov,0
health.state.mn.us,0
hendrickatlanta.com,0
hendrickchevroletbirmingham.com,0
heritage.org,0
heywardallentoyota.com,0
hillaryclinton.com,0
deanhonda.com,0
deadline.com,0
zellepay.com,0
balisechevroletbuickgmc.com,0
apple.com,0
aspenideas.org,0
atlantatoyota.com,0
autoblog.com,0
autonationhondafremont.com,0
autonationtoyotagulffreeway.com,0
autosite.com,0
autotrader.com,0
axios.com,0
baierlchevrolet.com,0
baierlhonda.com,0
baierltoyota.com,0
baileytoliverchevrolet.com,0
ballotpedia.org,0
ansirh.org,0
bank-map.com,0
bankofamerica.com,0
barackobama.com,0
bayridgehonda.com,0
bbc.co.uk,0
bbc.com,0
benefits.gov,0
betterhealth.vic.gov.au,0
bgr.com,0
bicalchevy.com,0
bigstarhonda.com,0
billylawrencechevrolet.com,0
bioedge.org,0
aol.com,0
animalsaustralia.org,0
bitcoin.com,0
advantagehondany.com,0
,0
247sports.com,0
280.chevyman.com,0
MapsLocations,0
MapsPlaces,0
NewsCarousel,0
SearchTweetCarousel,0
UserTweetCarousel,0
aavs.org,0
abc13.com,0
abortionpensacola.com,0
academy.com,0
accessatlanta.com,0
aimtronsystems.com,0
anchoragechevrolet.com,0
al.com,0
alcoholeducationtrust.org,0
alcoholproblemsandsolutions.org,0
aldf.org,0
aljazeera.com,0
all.org,0
allieded.org,0
allmenus.com,0
amazon.com,0
americanexpress.com,0
americanpregnancy.org,0
amnesty.org,0
amnestyusa.org,0
biography.com,0
bleacherreport.com,0
daychevrolet.com,0
cookieskids.com,0
city-data.com,0
click2houston.com,0
cnbc.com,0
cnet.com,0
cnn.com,0
co.uk,0
coindesk.com,0
cointelegraph.com,0
collegefootballplayoff.com,0
commercialobserver.com,0
connecticut.buyatoyota.com,0
conservativereview.com,0
continentalautogroup.com,0
courant.com,0
cincinnati.buyatoyota.com,0
crossroadsgm.net,0
crueltyfreeinternational.org,0
cryptocoinsnews.com,0
curryhondaga.com,0
cycleworldathens.com,0
dailycaller.com,0
dailysignal.com,0
daleearnhardtjrchevy.com,0
dallasnews.com,0
davesmiths.com,0
davidaustinroses.com,0
davischevrolet.com,0
davispolk.com,0
cis.org,0
childrensplace.com,0
bloomberg.com,0
cars.com,0
bostonherald.com,0
brandless.com,0
brannonhonda.com,0
buerklehonda.com,0
burnsvilletoyota.com,0
butlerhonda.com,0
buyfordnow.com,0
calfire.ca.gov,0
californiainnocenceproject.org,0
carafem.org,0
caranddriver.com,0
careersatchase.com,0
carlsontoyota.com,0
catholicsmobilizing.org,0
chicagotribune.com,0
cbslocal.com,0
cbsnews.com,0
cbssports.com,0
cdc.gov,0
cedrictheeltoyota.com,0
centralchevroletonline.com,0
cfr.org,0
chase.com,0
chevrolet.com,0
chevroletmajor.com,0
chevroletoffremont.com,0
chevydealer.com,0
chevyman.com,0
irli.org,0
jalopnik.com,0
jcpenney.com,0
jimellischevrolet.com,0
sftoyota.com,0
shopjustice.com,0
shreveporttimes.com,0
si.com,0
singleplatform.com,0
slate.com,0
smithsonianmag.com,0
snagajob.com,0
southhillshonda.com,0
spcai.org,0
spitzertoyota.com,0
sportingnews.com,0
startribune.com,0
stbcsbhm.org,0
stephentoyota.com,0
sterlingmccalltoyota.com,0
steverayman.com,0
stewartcars.com,0
stocknewstimes.com,0
superiorchevrolet.com,0
supremecourt.gov,0
tameronhonda.com,0
target.com,0
technologyreview.com,0
terrycullen.com,0
texasgasprices.com,0
texasmonthly.com,0
tflcar.com,0
theatlantic.com,0
sfhonda.com,0
sfgov.org,0
sfchronicle.com,0
rudyluthertoyota.com,0
qz.com,0
rainbowshops.com,0
retailmenot.com,0
reuters.com,0
rickhendricktoyotasandysprings.com,0
rmhca.org,0
rohrichchevrolet.com,0
rohrichhonda.com,0
rohrichtoyota.com,0
rollingstone.com,0
rosedalechev.com,0
route22honda.com,0
rshonda.com,0
savethechimps.org,0
sewelltoyota.com,0
sbnation.com,0
schallerhonda.com,0
schumacherchevroletlivingston.com,0
scientificamerican.com,0
scottcrumptoyota.com,0
sctimes.com,0
scu.edu,0
seekingalpha.com,0
senate.gov,0
serrachevy.com,0
serrajacksonmotors.com,0
serratoyota.com,0
setbuyatoyota.com,0
thebalance.com,0
thedrive.com,0
thefreedictionary.com,0
wfhm.com,0
walmart.com,0
walmartstores.com,0
walserhonda.com,0
walsertoyota.com,0
washingtonexaminer.com,0
washingtonpost.com,0
washingtontimes.com,0
wbrc.com,0
wcpo.com,0
webmd.com,0
wellsfargo.com,0
wellsfargoadvisors.com,0
wf.com,0
whitepages.com,0
vulture.com,0
wikipedia.org,0
wiregrasshondadealers.com,0
wow-toyota.com,0
wral.com,0
wrightchevroletbuickgmc.com,0
wsaz.com,0
wvmetronews.com,0
yahoo.com,0
yellowpages.com,0
yelp.com,0
yourabortionchoice.org,0
yourprivatechoice.com,0
youtube.com,0
wacs.us,0
vnews.com,0
theguardian.com,0
toyotasouthatlanta.com,0
thehill.com,0
themreport.com,0
thenextweb.com,0
theverge.com,0
time.com,0
timeout.com,0
tn.gov,0
toliverbrothers.com,0
townandcountry.org,0
toyota-global.com,0
toyota.com,0
toyotafinancial.com,0
toyotaofmanhattan.com,0
tripadvisor.com,0
vfw.org,0
truecar.com,0
tuscaloosatoyota.com,0
twitter.com,0
uniformsnstuff.com,0
usa.gov,0
usatoday.com,0
usnews.com,0
va.gov,0
va.state.al.us,0
valleyhonda.net,0
vanityfair.com,0
variety.com,0
vets.gov,0
queensborotoyota.com,0
putnamchevy.com,0
pure-spirit.com,0
meritchev.com,0
madisonhonda.com,0
manisteechevrolet.com,0
manta.com,0
maplewoodtoyota.com,0
mapquest.com,0
mcdonalds.com,0
mckinnontoyota.com,0
mediaite.com,0
mediamatters.org,0
medicalmarijuanainc.com,0
medicalnewstoday.com,0
medlineplus.gov,0
menuism.com,0
merriam-webster.com,0
machaikchevy.com,0
miaminewtimes.com,0
middletowntoyota.com,0
midgahondadealers.com,0
mikecalverttoyota.com,0
mikehellackchevrolet.com,0
minimumwage.com,0
minottoyota.com,0
mirror.co.uk,0
momentumchevrolet.com,0
motorsport.com,0
mundaychevy.com,0
mybanktracker.com,0
mystore411.com,0
macys.com,0
lutherbrookdaletoyota.com,0
nascar.com,0
ladyfreethinker.org,0
jimellischevrolet.net,0
jimmybrittchevrolet.com,0
joemyerstoyota.com,0
johneaglehonda.com,0
jpmorganchase.com,0
jsonline.com,0
justfacts.com,0
kennesawchevroletbuickgmc.com,0
kennyrosstoyota.com,0
knappchevrolet.com,0
knowledgeisempowering.com,0
kristalautomall.com,0
krqe.com,0
lakeoconeevillage.com,0
lubkechevrolet.com,0
landsend.com,0
latimes.com,0
law.cornell.edu,0
leafly.com,0
lfda.org,0
libertyhonda.com,0
limbaughtoyota.com,0
linkedin.com,0
lipscombchevrolet.com,0
lni.wa.gov,0
loftonchevy.com,0
lonestar-chevrolet.com,0
lonestarchevrolet.com,0
myuniversityhonda.com,0
nationalreview.com,0
puklichchevrolet.com,0
pizzahut.com,0
paragonhonda.com,0
pattersonhonda.com,0
paulmillerhonda.com,0
paywizard.org,0
pbs.org,0
pcrm.org,0
people.com,0
peta.org,0
phaidon.com,0
philadelphiaeagles.com,0
phillyvoice.com,0
phoenixnewtimes.com,0
pinterest.com,0
pizzar.io,0
ottmillerchevrolet.com,0
planethondanj.com,0
plannedparenthood.org,0
plazahonda.com,0
plazatoyota.com,0
politico.com,0
postmates.com,0
potamkinnyc.com,0
premierechevy.com,0
prevention.com,0
primevideo.com,0
procon.org,0
propublica.org,0
publicintegrity.org,0
pa.gov,0
optionline.org,0
nbcbayarea.com,0
nolo.com,0
nbcconnecticut.com,0
nbclosangeles.com,0
nbcnews.com,0
nbcsports.com,0
ncaa.com,0
ncbi.nlm.nih.gov,0
ncsl.org,0
nerdwallet.com,0
newsweek.com,0
newyorker.com,0
nfl.com,0
nih.gov,0
nj.gov,0
nonhumanrights.org,0
openmenu.com,0
norml.org,0
northerncalifornia.buyatoyota.com,0
northhillstoyota.com,0
northstarchevy.net,0
npr.org,0
ny.gov,0
nybooks.com,0
nyc.gov,0
nydailynews.com,0
nymag.com,0
nytimes.com,0
oldnavy.com,0
oneillschevybuick.com,0
,0
