Chase Bank,40
euthanasia,40
matt lauer,40
Honda,40
bitcoin price,40
Donald Trump,40
Chevrolet,40
gun control,40
US Senate,40
abortion,40
gomer pyle,40
US Supreme Court,40
Target Corporation,40
United States Department of Veterans Affairs,40
Pizza Hut,40
ryan shazier,40
death penalty,40
McDonald's,40
al franken,40
drinking age,40
minimum wage,40
Walmart,40
college football playoff,40
Barack Obama,40
Amazon,40
eagles,40
Wells Fargo,40
medical marijuana,40
Domino's Pizza,40
animal testing,40
Bank of America,40
michael flynn,40
illegal immigration,40
gertrude jekyll,40
school uniforms,40
Toyota,40
california fires,40
Hillary Clinton,40
