ryan shazier,20
matt lauer,20
Amazon,20
Chase Bank,20
school uniforms,20
euthanasia,20
medical marijuana,20
Target Corporation,20
Domino's Pizza,20
gertrude jekyll,20
eagles,20
United States Department of Veterans Affairs,20
animal testing,20
california fires,20
Hillary Clinton,20
drinking age,20
McDonald's,20
Chevrolet,20
al franken,20
gun control,20
Bank of America,20
michael flynn,20
illegal immigration,20
Barack Obama,20
minimum wage,20
Wells Fargo,20
Donald Trump,20
US Supreme Court,20
bitcoin price,20
abortion,20
death penalty,20
US Senate,20
college football playoff,20
Toyota,20
Walmart,20
gomer pyle,20
Honda,20
Pizza Hut,20
