quicken,20
fear of heights,20
how to lose weight,20
personal loans,20
geico insurance,20
excessive burping,20
dropsy disease,20
progressive insurance,20
loans bad credit,20
progressive,20
home loans,20
insurance companies,20
profuse sweating,20
indigestion,20
nervousness,20
bank loans,20
foods to avoid with acid reflux,20
car insurance,20
slow heart rate,20
health insurance,20
graves disease,20
difficulty breathing,20
auto insurance,20
body odor,20
leg blood clot symptoms,20
salivary gland stones,20
suicidal thoughts,20
quicken loans,19
student loan,19
hairloss,19
life insurance,19
excessive sweating,19
geico,19
hair loss in women causes,19
can't sleep,19
loans online,19
home insurance,19
loan,19
payday loans,19
sunlight causing hives,18
