wikipedia.org,1309
NewsCarousel,640
nytimes.com,418
people also ask,260
MapsLocations,211
facebook.com,206
cnn.com,200
UserTweetCarousel,182
theatlantic.com,172
procon.org,159
twitter.com,147
espn.com,137
washingtonpost.com,126
foxnews.com,123
latimes.com,107
google.com,98
bloomberg.com,87
vanityfair.com,80
,77
SearchTweetCarousel,77
dominos.com,68
target.com,67
newsweek.com,65
youtube.com,64
politico.com,64
people.com,60
forbes.com,60
usatoday.com,56
supremecourt.gov,56
yelp.com,50
plannedparenthood.org,49
huffingtonpost.com,46
rollingstone.com,44
cnbc.com,44
cbssports.com,43
go.com,42
alcoholproblemsandsolutions.org,40
thehill.com,40
senate.gov,40
deathpenaltyinfo.org,40
newyorker.com,40
walmart.com,40
deadspin.com,40
bitcoin.com,40
usa.gov,40
usnews.com,40
collegefootballplayoff.com,40
variety.com,40
theguardian.com,39
webmd.com,39
washingtontimes.com,39
propublica.org,37
nymag.com,34
ncsl.org,34
247sports.com,30
yellowpages.com,29
si.com,28
yahoo.com,27
childrensplace.com,27
findlaw.com,26
time.com,24
apple.com,24
hbr.org,23
philadelphiaeagles.com,22
npr.org,21
instagram.com,21
hondafinancialservices.com,21
nbcnews.com,21
dictionary.com,20
pizzahut.com,20
dol.gov,20
crueltyfreeinternational.org,20
peta.org,20
hsi.org,20
donaldjtrump.com,20
popsci.com,20
primevideo.com,20
cointelegraph.com,20
pbs.org,20
euthanasia.com,20
dosomething.org,20
drugabuse.gov,20
honda.com,20
imdb.com,20
hillaryclinton.com,20
independent.co.uk,20
mcdonalds.com,20
medicalmarijuanainc.com,20
medicalnewstoday.com,20
greatbritishgardens.co.uk,20
merriam-webster.com,20
glamour.com,20
gardenvisit.com,20
gardencollage.com,20
mirror.co.uk,20
frenchtoast.com,20
franken.senate.gov,20
investopedia.com,20
fivethirtyeight.com,20
fire.ca.gov,20
nbcsports.com,20
landof10.com,20
linkedin.com,20
justia.com,20
emedicinehealth.com,20
nraila.org,20
eagles.com,20
landsend.com,20
coindesk.com,20
justfacts.com,20
allure.com,20
va.gov,20
thrillist.com,20
smithsonianmag.com,20
amazon.com,20
amnesty.org,20
sportingnews.com,20
biography.com,20
synchronycredit.com,20
amnestyusa.org,20
animalsaustralia.org,20
technologyreview.com,20
toyota.com,20
benefits.gov,20
today.com,20
bbc.co.uk,20
ballotpedia.org,20
barackobama.com,20
qz.com,20
bankofamerica.com,20
calfire.ca.gov,20
theverge.com,20
salon.com,20
ccn.com,20
chevrolet.com,20
chase.com,20
cfr.org,20
cnet.com,20
scientificamerican.com,20
cis.org,20
aavs.org,20
whitehouse.gov,20
wellsfargo.com,20
co.uk,20
cbsnews.com,20
coinbase.com,20
aljazeera.com,20
reuters.com,19
jpmorganchase.com,19
toyota-global.com,19
slate.com,19
twincities.com,19
thedailybeast.com,18
nybooks.com,18
fda.gov,17
oldnavy.com,17
MapsPlaces,17
texasmonthly.com,16
cookieskids.com,16
investorplace.com,15
minimumwage.com,14
drugpolicy.org,14
careersatchase.com,14
toyotafinancial.com,13
autoblog.com,13
foreignpolicy.com,13
allmenus.com,13
nbclosangeles.com,13
bleedinggreennation.com,13
nfl.com,13
nerdwallet.com,13
academy.com,12
washingtonexaminer.com,12
thenation.com,12
macys.com,11
marijuanadoctors.com,11
retailmenot.com,11
edmunds.com,10
dominosaruba.com,10
wellsfargoadvisors.com,10
bleacherreport.com,10
scotusblog.com,10
groupon.com,9
womenhelp.org,9
guttmacher.org,9
fairfaxhonda.com,8
rainbowshops.com,8
zellepay.com,7
mapquest.com,7
deathpenalty.org,7
hoursguide.com,6
dc.gov,6
jsonline.com,6
tripadvisor.com,6
greatschools.org,6
bbc.com,5
discoverbritainmag.com,5
nj.com,5
hondanews.com,5
justice.gov,5
jimmckaychevrolet.com,5
snagajob.com,5
al.com,4
nj.gov,4
billpagehonda.com,4
chicagotribune.com,4
arlingtonhonda.com,4
townhall.com,4
hollywoodreporter.com,4
alfranken.com,4
pagechevrolet.com,4
health.pa.gov,4
ourismanfairfaxtoyota.com,4
billpagetoyota.com,4
health.ny.gov,3
jerryschevy.com,3
hondaofsantafe.com,3
autonationtoyotaleesburg.com,3
autosporthonda.com,3
zomato.com,3
odonnellhonda.com,3
motortrend.com,3
womenonweb.org,3
whitepages.com,3
pohankachevrolet.com,3
koonstoyotaarlington.com,3
foursquare.com,2
wired.com,2
hoursfile.com,2
ellicottcity.net,2
graydanielschevy.com,2
ny.gov,2
mannchevybuick.com,2
mcdonalds.jobs,2
maryland.gov,2
tedbritt.com,2
maloufchevrolet.gmpsdealer.com,2
openmenu.com,2
odomchevrolet.com,2
colorado.gov,2
cars.com,2
ncbi.nlm.nih.gov,2
fairlakes.com,2
castlerockimports.net,2
koonschevybuickgmc.com,2
chevroletofalexandria.com,2
millerbrotherschevrolet.com,2
branchspot.com,2
koonstysonschevybuickgmc.com,2
reproductiverights.org,2
indeed.com,2
norml.org,1
fastcompany.com,1
autonationhondacolumbus.com,1
eji.org,1
autonationhondadulles.com,1
autotrader.com,1
mystore411.com,1
flemingtongm.com,1
flynnohara.com,1
mountainstatestoyota.com,1
bank-map.com,1
nohasslebuy.com,1
autonationtoyotaarapahoe.com,1
jpmorgan.com,1
odonnellhondaservice.com,1
dillards.com,1
shockleyhonda.com,1
caranddriver.com,1
schumacherchevy.com,1
chevroletofsantafe.com,1
santafenewmexican.com,1
sacbee.com,1
shopfully.com,1
route23honda.com,1
city-data.com,1
richardlucaschevy.com,1
bridgewaterchevy.com,1
providenceacademyva.org,1
consumerreports.org,1
pharmacannis.com,1
crystaltoyota.com,1
bobboytehonda.com,1
dchbrunswicktoyota.com,1
singleplatform.com,1
demathauniforms.com,1
sussexhonda.com,1
tameronhonda.com,1
fortune.com,1
jimmckaychevrolet.net,1
hondaalabama.com,1
medvedchevroletbuickgmc.com,1
vetaffairs.la.gov,1
heritagetoyotacatonsville.com,1
herrin-geartoyota.com,1
toyotaofsantafe.com,1
loudounnow.com,1
local.com,1
hondaofchantilly.com,1
weedmaps.com,1
wfhm.com,1
hours-locations.com,1
libertytoyotacoloradosprings.com,1
ladailypost.com,1
wsj.com,1
jbachevrolet.com,1
6abc.com,1
youthrights.org,1
jerrysleesburgchevy.com,1
jimcolemanhonda.com,1
jonmcdonalddds.com,1
manngm.com,1
auto.com,1
medvedsouth.com,1
tuscaloosachevrolet.com,1
moneygram.com,1
fredbeanstoyota.com,1
trinityschoolmd.org,1
millerbrotherscadillac.com,1
milehighhonda.com,1
menupix.com,1
menuism.com,1
antwerpentoyota.com,1
gray-danielstoyota.com,1
themainewire.com,0
aol.com,0
wksu.org,0
wosu.org,0
businessinsider.com,0
buyfordnow.com,0
wsls.com,0
buzzfeed.com,0
wthr.com,0
toyotaofbrookhaven.com,0
355toyota.com,0
abortionpensacola.com,0
carpricesecrets.com,0
californiainnocenceproject.org,0
car.com,0
thesun.co.uk,0
carafem.org,0
tuscaloosatoyota.com,0
,0
carmax.com,0
ticketmaster.com,0
abortionchangesyou.com,0
breitbart.com,0
americanexpress.com,0
snopes.com,0
thefederalist.com,0
theconversation.com,0
billkiddstoyota.com,0
allieded.org,0
all.org,0
autosite.com,0
truecar.com,0
stltoday.com,0
toyotaofbastrop.com,0
thesuburbanite.com,0
automobilemag.com,0
shopjustice.com,0
vfw.org,0
trucks.com,0
bostonglobe.com,0
tol.org,0
autoweb.com,0
aldf.org,0
adage.com,0
wiregrasshondadealers.com,0
aspenideas.org,0
kerngoldenempire.com,0
setbuyatoyota.com,0
hondaoftysonscorner.com,0
madisonhonda.com,0
malloytoyota.com,0
heritagechevrolet-buick.com,0
heartlandalliance.org,0
marketrealist.com,0
govtsearches.com,0
gosur.com,0
googleadservices.com,0
globalhumanrights.org,0
gizmodo.com,0
gap.com,0
mlive.com,0
motorsport.com,0
fox40.com,0
myfox8.com,0
lifesitenews.com,0
legacychevyky.com,0
fbresearch.org,0
http:,0
kolotv.com,0
jerryschevrolet.com,0
jeffbarneschevrolet.com,0
jcpenney.com,0
jackburford.com,0
irli.org,0
invisiblepeople.tv,0
koonstoyotatysonscorner.com,0
ktvq.com,0
kuni-honda.com,0
impactfund.org,0
imotors.com,0
ibtimes.com,0
humanrights-association.org,0
legacychevy.com,0
nationalpolice.org,0
faunalytics.org,0
seekingalpha.com,0
delish.com,0
pcrm.org,0
pehonda.com,0
pennlive.com,0
dancummins.com,0
primary.com,0
prisonfellowship.org,0
reprieve.org,0
roanoke.com,0
rockvillechevrolet.com,0
cincinnati.com,0
cincinnati.buyatoyota.com,0
savethechimps.org,0
schumacherchevroletdenville.com,0
scmp.com,0
cc.com,0
deathpenaltyfail.org,0
denver.buyatoyota.com,0
newatlas.com,0
denverpost.com,0
newser.com,0
everyjobforme.com,0
nonhumanrights.org,0
elitedaily.com,0
norrishonda.com,0
dvnf.org,0
nydailynews.com,0
nypost.com,0
drjays.com,0
omaha.com,0
ourismanchevroletofbowie.com,0
digitaltrends.com,0
pagesix.com,0
detroitnews.com,0
desmoinesregister.com,0
patch.com,0
