wikipedia.org,732
NewsCarousel,584
nytimes.com,438
MapsLocations,210
theatlantic.com,209
people also ask,199
UserTweetCarousel,197
procon.org,170
washingtonpost.com,163
cnn.com,161
facebook.com,160
foxnews.com,125
twitter.com,125
vanityfair.com,100
newsweek.com,99
latimes.com,98
espn.com,94
mcdonalds.com,86
google.com,76
go.com,76
nymag.com,75
dominos.com,70
target.com,68
youtube.com,68
cbssports.com,64
supremecourt.gov,60
cointelegraph.com,60
usatoday.com,56
forbes.com,56
politico.com,45
rollingstone.com,45
apple.com,44
deadspin.com,42
bloomberg.com,42
huffingtonpost.com,41
plannedparenthood.org,40
thehill.com,40
newyorker.com,40
deathpenaltyinfo.org,40
nbcnews.com,40
collegefootballplayoff.com,40
senate.gov,40
usa.gov,40
b'',40
people.com,40
walmart.com,40
SearchTweetCarousel,40
variety.com,40
alcoholproblemsandsolutions.org,40
theguardian.com,39
ncsl.org,37
webmd.com,37
time.com,36
usnews.com,32
yelp.com,29
philadelphiaeagles.com,27
eagles.com,25
co.uk,24
hbr.org,24
cnbc.com,24
propublica.org,23
washingtontimes.com,23
childrensplace.com,23
cnet.com,23
wellsfargoadvisors.com,22
merriam-webster.com,22
linkedin.com,21
crueltyfreeinternational.org,21
scientificamerican.com,20
qz.com,20
pizzahut.com,20
chevrolet.com,20
ccn.com,20
cis.org,20
cfr.org,20
hondafinancialservices.com,20
primevideo.com,20
chase.com,20
coindesk.com,20
popsci.com,20
drugabuse.gov,20
peta.org,20
ft.com,20
hsi.org,20
hillaryclinton.com,20
imdb.com,20
independent.co.uk,20
instagram.com,20
investopedia.com,20
greatbritishgardens.co.uk,20
justfacts.com,20
justia.com,20
glamour.com,20
landof10.com,20
landsend.com,20
gardenvisit.com,20
gardencollage.com,20
frenchtoast.com,20
pbs.org,20
fivethirtyeight.com,20
medicalmarijuanainc.com,20
medicalnewstoday.com,20
euthanasia.com,20
emedicinehealth.com,20
mirror.co.uk,20
dosomething.org,20
donaldjtrump.com,20
nbcsports.com,20
dol.gov,20
ndtv.com,20
dictionary.com,20
nraila.org,20
pagesix.com,20
cbsnews.com,20
honda.com,20
allure.com,20
bitcoin.com,20
bankofamerica.com,20
bbc.co.uk,20
synchronycredit.com,20
amazon.com,20
technologyreview.com,20
whitehouse.gov,20
barackobama.com,20
thedailybeast.com,20
toyota.com,20
va.gov,20
biography.com,20
toyota-global.com,20
270towin.com,20
townhall.com,20
theverge.com,20
benefits.gov,20
amnesty.org,20
bbc.com,20
animalsaustralia.org,20
wsj.com,20
azcentral.com,20
ballotpedia.org,20
aavs.org,20
aljazeera.com,20
wellsfargo.com,20
calfire.ca.gov,20
sportingnews.com,20
smithsonianmag.com,20
jpmorganchase.com,19
si.com,19
caranddriver.com,19
drugpolicy.org,19
findlaw.com,19
slate.com,19
twincities.com,19
reuters.com,19
franken.senate.gov,19
vets.gov,19
texasmonthly.com,19
careersatchase.com,18
lohud.com,18
academy.com,18
dkpittsburghsports.com,18
oldnavy.com,17
nerdwallet.com,17
yellowpages.com,17
deathpenalty.org,17
jsonline.com,17
thebalance.com,17
nybooks.com,16
tripadvisor.com,16
MapsPlaces,15
toyotafinancial.com,15
abcactionnews.com,15
thenation.com,15
yahoo.com,15
wikimedia.org,14
womenhelp.org,14
macys.com,13
allmenus.com,12
minimumwage.com,12
cookieskids.com,12
247sports.com,11
nfl.com,11
dominosaruba.com,11
groupon.com,10
cdc.gov,10
fda.gov,10
mapquest.com,10
retailmenot.com,9
bleedinggreennation.com,9
thesun.co.uk,9
fairus.org,8
axios.com,8
marijuanadoctors.com,8
snagajob.com,7
autoblog.com,7
npr.org,7
zellepay.com,6
alfranken.com,5
businessinsider.com,5
greatschools.org,5
womenonweb.org,5
hondaoffortworth.com,4
youthrights.org,4
hollywoodreporter.com,4
adamstoyota.com,4
guttmacher.org,4
hoursguide.com,4
leessummithonda.com,3
koolgm.com,3
eddystoyota.com,3
mccarthychevyls.com,3
kooltoyota.com,3
hours-locations.com,3
toyotaoforlando.com,3
reproductiverights.org,3
bleacherreport.com,3
ncbi.nlm.nih.gov,3
openmenu.com,3
moritzchevrolet.com,2
hendrickhonda.com,2
edmunds.com,2
indeed.com,2
cogginhondaorlando.com,2
lindsayhonda.com,2
foursquare.com,2
rainbowshops.com,2
hughwhitehonda.net,2
scottclarkhonda.com,2
scotusblog.com,2
insiderpages.com,2
health.pa.gov,2
mcdonalds.jobs,2
disabilityrightswa.org,2
educationaloutfitters.com,2
nbclosangeles.com,2
toyotaofnorthcharlotte.com,2
autotrader.com,2
atlantatoyota.com,2
jimellischevrolet.com,2
hawkinsbestprice.com,2
hendrickatlanta.com,1
hendricktoyotaconcord.com,1
hartfordtoyota.com,1
germaintoyota.net,1
headquarterhonda.com,1
georgia.gov,1
health.state.mn.us,1
hoffmanhonda.com,1
hawkinschevroletmn.com,1
germainhondaofdublin.com,1
hoffmantoyota.com,1
hollerhonda.com,1
grps.org,1
hayschevrolet.com,1
hartfordschools.org,1
carlblackoforlando.com,1
academyuniforms.com,1
adamsmotorcompany.com,1
curryhondaga.com,1
bellevuehonda.com,1
courant.com,1
coughlinpataskala.com,1
bergerchevy.com,1
columbusparent.com,1
columbiahonda.com,1
britannica.com,1
brucelowriechevrolet.com,1
burnschevycadillac.com,1
buyatoyota.com,1
cms.k12.nc.us,1
classichonda.com,1
citychevrolet.com,1
byerschevy.com,1
byerstoyota.com,1
chevroletofwatsonville.com,1
chaplinschevrolet.com,1
centralfloridatoyota.com,1
capitoltoyota.com,1
cars.com,1
davegillchevy.com,1
davidmauschevrolet.com,1
dayschevrolet.com,1
edvoyleshonda.com,1
gengraschevrolet.com,1
ajc.com,1
foxhondausa.com,1
floridavets.org,1
floridahealth.gov,1
flhealthsource.gov,1
amnestyusa.org,1
arrowalternativecare.com,1
elizabethchev.com,1
dvs.ohio.gov,1
dealerrater.com,1
autonationchevroletnorthrichlandhills.com,1
autonationchevroletwestcolonial.com,1
donjacobshonda.com,1
autonationtoyotawinterpark.com,1
doh.wa.gov,1
bank-map.com,1
bankatunited.com,1
dir.ca.gov,1
desmoinesregister.com,1
autonationchevroletairport.com,1
zomato.com,1
hondamallofgeorgia.com,1
uniformsnstuff.com,1
norml.org,1
townandcountrytoyota.com,1
toyotadirect.com,1
toyotageorgetown.com,1
ncdps.gov,1
toyotaofbellevue.com,1
nbcconnecticut.com,1
toyotaofclermont.com,1
toyotaoffortworth.com,1
mystore411.com,1
toyotaofgrandrapids.com,1
mybanktracker.com,1
motortrend.com,1
motorinntoyotaofcarroll.com,1
motherjones.com,1
toyotaofroswell.com,1
schallerhonda.com,1
middletowntoyota.com,1
michaelflynnjdphd.com,1
menuwithprice.com,1
menuism.com,1
toyotawestohio.com,1
medicalmarijuana.ohio.gov,1
toddwenzel.com,1
oertherfoods.com,1
orlandoscience.org,1
startribune.com,1
scholfieldhonda.com,1
roushhonda.com,1
schoolcloset.com,1
scottclarkstoyota.com,1
rileytoyota.com,1
rickhendricktoyotasandysprings.com,1
rexchevrolet.com,1
singleplatform.com,1
smarthondadesmoines.com,1
starlingchevy.com,1
hondaofconcord.com,1
osu.edu,1
stevemoorechevrolet.com,1
stevensontoyota.com,1
priorityhondacharlotte.com,1
steverayman.com,1
tanskysawmilltoyota.com,1
pizzashops.info,1
pitchfork.com,1
terrycullen.com,1
pcrm.org,1
parkscharlotte.com,1
mchevy.com,1
mollechevrolet.com,1
lejeunehondacars.com,1
liahondaofenfield.com,1
villagemotorsports.net,1
victorychevycharlotte.com,1
laymanchevy.com,1
weddingwire.com,1
victorychevroletcharlotte.com,1
walmartstores.com,1
wfhm.com,1
hugginshonda.com,1
jpmorgan.com,1
issaquahhondakubota.com,1
i-90motorsports.com,1
vmsgrandrapids.com,1
luthermankatohonda.com,1
libertyhonda.com,1
lni.wa.gov,1
jerryschevytexas.com,1
local.com,1
usbanklocations.com,1
jeffwylerchevroletofcolumbus.com,1
macschev.com,1
jackmaxton.com,1
wsoctv.com,1
westernwashington.buyatoyota.com,0
wholesaleschoolwear.com,0
whiterivertoyota.com,0
abortionchangesyou.com,0
teenbreaks.com,0
adage.com,0
businesswire.com,0
sullivanhonda.com,0
aspenideas.org,0
wilsonofamestoyota.com,0
californiainnocenceproject.org,0
wthr.com,0
802honda.com,0
wral.com,0
seekingalpha.com,0
self.com,0
carpricesecrets.com,0
wpxi.com,0
caron.org,0
worthingtonchevy.com,0
setbuyatoyota.com,0
shawneehonda.co,0
carbonehondabennington.com,0
wmur.com,0
wjla.com,0
capitolchevysj.com,0
breitbart.com,0
thelily.com,0
theblaze.com,0
apha.org,0
vfw.org,0
vegfund.org,0
toyotaoflakecity.com,0
autoweb.com,0
toyotaoflavista.com,0
ansirh.org,0
autonationhondarenton.com,0
agapedsm.com,0
autonationhondafremont.com,0
toyotasouthatlanta.com,0
uproxx.com,0
transworld.net,0
automobilemag.com,0
truecar.com,0
toyotaofgrapevine.com,0
americanexpress.com,0
villagepointetoyota.com,0
allieded.org,0
all.org,0
visaliatimesdelta.com,0
aldf.org,0
walierchevy.com,0
toofab.com,0
ticketmaster.com,0
themainewire.com,0
bigcatrescue.org,0
assureomaha.com,0
thedrive.com,0
bizjournals.com,0
aijustice.org,0
theconversation.com,0
celebrityinsider.org,0
quality-toyota.com,0
savethechimps.org,0
freep.com,0
kdvr.com,0
kfor.com,0
khou.com,0
kvia.com,0
legendshonda.com,0
gap.com,0
galetoyota.com,0
lewistoyotaofhays.com,0
lfda.org,0
four-paws.us,0
kansascity.com,0
fortdodgetoyota.com,0
marketrealist.com,0
masseytoyota.com,0
mccarthytoyotaofsedalia.com,0
mcfarlandchevrolet.com,0
fbresearch.org,0
faunalytics.org,0
fairchev.com,0
everyjobforme.com,0
globalhumanrights.org,0
kansascity.buyatoyota.com,0
mlive.com,0
ibtimes.com,0
holmauto.com,0
hondaoftiffanysprings.com,0
hondatown.net,0
hotair.com,0
hrw.org,0
hitechelectro.com,0
hendricktoyotamerriam.com,0
humanrights-association.org,0
hybridcars.com,0
indystar.com,0
googleadservices.com,0
informationvine.com,0
investorplace.com,0
issuesiface.com,0
itgetsbetter.org,0
jaywolfetoyota.com,0
gvnews.com,0
jeffgordonchevy.com,0
jpost.com,0
govtsearches.com,0
epi.org,0
molletoyota.com,0
rt.com,0
retroreport.org,0
coloradoan.com,0
pregnancylittlerock.com,0
primary.com,0
prisonfellowship.org,0
cogginhondadeland.com,0
cnsnews.com,0
rachelhouse.org,0
reprieve.org,0
reproductiveaccess.org,0
cmegroup.com,0
complex.com,0
clickforward.com,0
cleveland.com,0
rickcollinstoyota.com,0
cincinnati.buyatoyota.com,0
chicagotribune.com,0
roadandtrack.com,0
chevroletofbellevue.com,0
roadracingworld.com,0
cheapchevrolet.com,0
pogueimmigrationlaw.com,0
phillyvoice.com,0
momentumchevrolet.com,0
nonhumanrights.org,0
morgantonchevy.com,0
eastbaymotorsports.com,0
dvnf.org,0
drjays.com,0
nalleyhonda.com,0
nationalreview.com,0
nbcsandiego.com,0
netnebraska.org,0
newengland.buyatoyota.com,0
digitaltrends.com,0
phcjeffersoncity.com,0
northerncalifornia.buyatoyota.com,0
ntxhondadealers.com,0
delish.com,0
deathpenaltyfail.org,0
okobojitoyota.com,0
olathetoyota.com,0
oneillschevybuick.com,0
dantobin.com,0
pewresearch.org,0
,0
